{
  "best_algorithm": "xgboost",
  "dataset_size": 14306,
  "train_size": 11444,
  "validation_size": 2862,
  "metrics": {
    "random_forest": {
      "precision": 0.7602441150828247,
      "recall": 0.7206611570247934,
      "f1_score": 0.7399236317352567,
      "roc_auc": 0.8728966141716527,
      "confusion_matrix": [
        [
          1377,
          275
        ],
        [
          338,
          872
        ]
      ]
    },
    "xgboost": {
      "precision": 0.8032638259292838,
      "recall": 0.7322314049586777,
      "f1_score": 0.7661046260268051,
      "roc_auc": 0.8812616312808915,
      "confusion_matrix": [
        [
          1435,
          217
        ],
        [
          324,
          886
        ]
      ]
    }
  },
  "artifacts": {
    "vectorizer": "model/tfidf_vectorizer.joblib",
    "random_forest": "model/random_forest_model.joblib",
    "best_model": "model/best_model.joblib",
    "xgboost": "model/xgboost_model.joblib"
  }
}